-- Database seeding script
-- Created at: 2025-04-04 11:40:23 UTC
-- Created by: Darchie4

-- 1. Insert Price Areas
INSERT INTO price_area (id, name)
VALUES (1, 'DK1'),
       (2, 'DK2');

-- 2. Insert Branches
INSERT INTO branche (name)
VALUES ('Erhverv'),
       ('Offentligt'),
       ('Privat');

-- 3. Insert Municipalities with their respective price areas
-- Using CASE to determine price area based on municipality code
-- DK2 for codes 101-400, DK1 for codes ≥410
INSERT INTO municipality (id, name, price_area_id)
VALUES (101, 'København', 2),
       (147, 'Frederiksberg', 2),
       (151, 'Ballerup', 2),
       (153, 'Brøndby', 2),
       (155, 'Dragør', 2),
       (157, 'Gentofte', 2),
       (159, 'Gladsaxe', 2),
       (161, 'Glostrup', 2),
       (163, 'Herlev', 2),
       (165, 'Albertslund', 2),
       (167, 'Hvidovre', 2),
       (169, 'Høje-Taastrup', 2),
       (173, 'Lyngby-Tårbæk', 2),
       (175, 'Rødovre', 2),
       (183, 'Ishøj', 2),
       (185, 'Tårnby', 2),
       (187, 'Vallensbæk', 2),
       (190, 'Furesø', 2),
       (201, 'Allerød', 2),
       (210, 'Fredensborg', 2),
       (217, 'Helsingør', 2),
       (219, 'Hillerød', 2),
       (223, 'Hørsholm', 2),
       (230, 'Rudersdal', 2),
       (240, 'Egedal', 2),
       (250, 'Frederikssund', 2),
       (253, 'Greve', 2),
       (259, 'Køge', 2),
       (260, 'Frederiksværk-Hundested', 2),
       (265, 'Roskilde', 2),
       (269, 'Solrød', 2),
       (270, 'Gribskov', 2),
       (306, 'Odsherred', 2),
       (316, 'Holbæk', 2),
       (320, 'Faxe', 2),
       (326, 'Kalundborg', 2),
       (329, 'Ringsted', 2),
       (330, 'Slagelse', 2),
       (336, 'Stevns', 2),
       (340, 'Sorø', 2),
       (350, 'Lejre', 2),
       (360, 'Lolland', 2),
       (370, 'Næstved', 2),
       (376, 'Guldborgsund', 2),
       (390, 'Vordingborg', 2),
       (400, 'Bornholms Region', 2),
       (410, 'Middelfart', 1),
       (420, 'Assens', 1),
       (430, 'Faaborg-Midtfyn', 1),
       (440, 'Kerteminde', 1),
       (450, 'Nyborg', 1),
       (461, 'Odense', 1),
       (479, 'Svendborg', 1),
       (480, 'Nordfyns', 1),
       (482, 'Langeland', 1),
       (492, 'Ærø', 1),
       (510, 'Haderslev', 1),
       (530, 'Billund', 1),
       (540, 'Sønderborg', 1),
       (550, 'Tønder', 1),
       (561, 'Esbjerg', 1),
       (563, 'Fanø', 1),
       (573, 'Varde', 1),
       (575, 'Vejen', 1),
       (580, 'Aabenraa', 1),
       (607, 'Fredericia', 1),
       (615, 'Horsens', 1),
       (621, 'Kolding', 1),
       (630, 'Vejle', 1),
       (657, 'Herning', 1),
       (661, 'Holstebro', 1),
       (665, 'Lemvig', 1),
       (671, 'Struer', 1),
       (706, 'Syddjurs', 1),
       (707, 'Norddjurs', 1),
       (710, 'Favrskov', 1),
       (727, 'Odder', 1),
       (730, 'Randers', 1),
       (740, 'Silkeborg', 1),
       (741, 'Samsø', 1),
       (746, 'Skanderborg', 1),
       (751, 'Århus', 1),
       (756, 'Ikast-Brande', 1),
       (760, 'Ringkøbing-Skjern', 1),
       (766, 'Hedensted', 1),
       (773, 'Morsø', 1),
       (779, 'Skive', 1),
       (787, 'Thisted', 1),
       (791, 'Viborg', 1),
       (810, 'Brønderslev-Dronninglund', 1),
       (813, 'Frederikshavn', 1),
       (820, 'Vesthimmerlands', 1),
       (825, 'Læsø', 1),
       (840, 'Rebild', 1),
       (846, 'Mariagerfjord', 1),
       (849, 'Jammerbugt', 1),
       (851, 'Aalborg', 1),
       (860, 'Hjørring', 1),
       (999, 'Udlandet', 1);